{"cameraMode":{"drawMode":0,"name":"Shaded","section":"Shading Mode"},"sceneLighting":false,"audioPlay":false,"sceneViewState":{"m_AlwaysRefresh":false,"showFog":true,"showSkybox":false,"showFlares":true,"showImageEffects":true,"showParticleSystems":true,"showVisualEffectGraphs":true,"m_FxEnabled":true},"in2DMode":false,"pivot":{"x":5.103931427001953,"y":-0.339835524559021,"z":-18.93804168701172},"rotation":{"x":0.061931367963552478,"y":0.9380238056182861,"z":-0.23583462834358216,"w":0.24632371962070466},"size":0.8660253882408142,"orthographic":false}